client_id,path,sentence,age,gender,variant,locale,assigned_accent,annotated_accent,annotated_accent_agreement,assigned_gender,source_dataset,source_file,label,split,cv_split,train_shard
05d39b256592e8c94b64f29d8f75a84493b1aff7da0e571e83a7c9549ac9b6f5d01160475bca6900f59153258948d7ae21ed7a965c1d97d9044385bcfd2cd3ba,common_voice_ca_31705808.mp3,El vint-i-tres de maig na Frida i en Rauric volen anar a la biblioteca.,teens,,,ca,balearic,,,,projecte-aina/annotated_catalan_common_voice_v17,corpus/files/annotated_train.tsv,balearic,train,train,audio/ca/train/ca_train_4.tar
05d39b256592e8c94b64f29d8f75a84493b1aff7da0e571e83a7c9549ac9b6f5d01160475bca6900f59153258948d7ae21ed7a965c1d97d9044385bcfd2cd3ba,common_voice_ca_31705938.mp3,Dimarts na Gina i na Blanca iran a Teià.,teens,,,ca,balearic,,,,projecte-aina/annotated_catalan_common_voice_v17,corpus/files/annotated_train.tsv,balearic,train,train,audio/ca/train/ca_train_4.tar
06e80cd76ef3ff2c7dc1485d3f2211cf9122540ee265c5a7fb6eacf9cdb88424116c2bf647b7fb8654c60528593481bc16459415ca81b38281cfe57d61d16c8a,common_voice_ca_31955761.mp3,No és gens fàcil que un quadrat màgic surti rodó.,fifties,male_masculine,,ca,balearic,,,male_masculine,projecte-aina/annotated_catalan_common_voice_v17,corpus/files/annotated_train.tsv,balearic,train,train,audio/ca/train/ca_train_5.tar
307b02b79d6f270a3d44d50fe35fec28924dfa6929e7466dd2d8c2f02b0a4b23a06db178dc4bd899088f05feaeb3c777091739aaafbf451c6963b8f8b711ef74,common_voice_ca_21161842.mp3,"Tanmateix, tot acabarà amb greus incidents.",twenties,male_masculine,,ca,balearic,,,male_masculine,projecte-aina/annotated_catalan_common_voice_v17,corpus/files/annotated_train.tsv,balearic,train,train,audio/ca/train/ca_train_5.tar
307b02b79d6f270a3d44d50fe35fec28924dfa6929e7466dd2d8c2f02b0a4b23a06db178dc4bd899088f05feaeb3c777091739aaafbf451c6963b8f8b711ef74,common_voice_ca_21161844.mp3,Explora llocs web i els emmagatzema localment per a la seva posterior consulta sense connexió.,twenties,male_masculine,,ca,balearic,,,male_masculine,projecte-aina/annotated_catalan_common_voice_v17,corpus/files/annotated_train.tsv,balearic,train,train,audio/ca/train/ca_train_5.tar
346895a759c5b6911c3b05d3ed387823dc4dfe55e423b3b58d5a56839d746b3c7dbedaf74ba2ec76904628b0c719b5def62c19ba1c5eb76978e4e4f4006a1e43,common_voice_ca_32066912.mp3,Dijous en Llop anirà a Sant Bartomeu del Grau.,fourties,male_masculine,,ca,balearic,,,male_masculine,projecte-aina/annotated_catalan_common_voice_v17,corpus/files/annotated_train.tsv,balearic,train,train,audio/ca/train/ca_train_5.tar
346895a759c5b6911c3b05d3ed387823dc4dfe55e423b3b58d5a56839d746b3c7dbedaf74ba2ec76904628b0c719b5def62c19ba1c5eb76978e4e4f4006a1e43,common_voice_ca_32066913.mp3,En conservem unes poques racions.,fourties,male_masculine,,ca,balearic,,,male_masculine,projecte-aina/annotated_catalan_common_voice_v17,corpus/files/annotated_train.tsv,balearic,train,train,audio/ca/train/ca_train_5.tar
3e3120305982aaf99ebda90ea46f29052aa8348a658fa2685129eb90a28cf92b2a66df02b63d191d52f2aea282a5257267584830b71810f57f7a39a1a0613c9d,common_voice_ca_33947460.mp3,El vint-i-nou de febrer en Telm i na Berta volen anar al teatre.,,,,ca,balearic,,,,projecte-aina/annotated_catalan_common_voice_v17,corpus/files/annotated_train.tsv,balearic,train,train,audio/ca/train/ca_train_0.tar
4cfc1cd71ac5d3f1f906e4e159dafcde1ee47a7d393f135fb378f1826d1c2bef4e8589b16c47f1de6c303cdae521e19deed0fa7b1a08297d003a48c3e591ec56,common_voice_ca_37623906.mp3,Va morir de vell.,,,,ca,balearic,,,,projecte-aina/annotated_catalan_common_voice_v17,corpus/files/annotated_train.tsv,balearic,train,train,audio/ca/train/ca_train_0.tar
5a891c5033eae99febefb262ac3203c09bb740873f65f12c8f5145919a203ca71f1942b72f32e4d9702b18aa9f77b97f1e85d9795cb2342250aabd3e9004efcc,common_voice_ca_33436725.mp3,Ho ordena el govern?,,,,ca,balearic,,,,projecte-aina/annotated_catalan_common_voice_v17,corpus/files/annotated_train.tsv,balearic,calibration,train,audio/ca/train/ca_train_0.tar
5a988a8ef866ac6d303c70ddbee960c1db59ce43975a7f0292b354a0ba953f921f34edd5dba47a5e4b88e05c2ff18892db05648602a1a022363d4127c09c3087,common_voice_ca_33402032.mp3,Ara es troba en dependència policíaques per a les diligències oportunes.,,,,ca,balearic,,,,projecte-aina/annotated_catalan_common_voice_v17,corpus/files/annotated_train.tsv,balearic,validation,train,audio/ca/train/ca_train_0.tar
71b2f35e1c9f3bb6dda55221ce6308875fd78b462b4a80fd2f79dd339991c22b459f641bb759b54fd7eb618b901a6f35c2e8f70f854fae73828d4e1298193e6d,common_voice_ca_30769562.mp3,Greene no va ser la primera opció per al paper d'Audrey.,,,,ca,balearic,,,male_masculine,projecte-aina/annotated_catalan_common_voice_v17,corpus/files/annotated_train.tsv,balearic,train,train,audio/ca/train/ca_train_5.tar
71b2f35e1c9f3bb6dda55221ce6308875fd78b462b4a80fd2f79dd339991c22b459f641bb759b54fd7eb618b901a6f35c2e8f70f854fae73828d4e1298193e6d,common_voice_ca_30774375.mp3,Les dificultats de Hunter van començar abans que arribés a Sydney de tornada.,,,,ca,balearic,,,male_masculine,projecte-aina/annotated_catalan_common_voice_v17,corpus/files/annotated_train.tsv,balearic,train,train,audio/ca/train/ca_train_5.tar
71b2f35e1c9f3bb6dda55221ce6308875fd78b462b4a80fd2f79dd339991c22b459f641bb759b54fd7eb618b901a6f35c2e8f70f854fae73828d4e1298193e6d,common_voice_ca_30856475.mp3,"És llarg i té, principalment, dos carrils i accés controlat.",sixties,male_masculine,,ca,balearic,,,male_masculine,projecte-aina/annotated_catalan_common_voice_v17,corpus/files/annotated_train.tsv,balearic,train,train,audio/ca/train/ca_train_5.tar
71b2f35e1c9f3bb6dda55221ce6308875fd78b462b4a80fd2f79dd339991c22b459f641bb759b54fd7eb618b901a6f35c2e8f70f854fae73828d4e1298193e6d,common_voice_ca_31019720.mp3,Cada equip juga una vegada contra els altres tres equips.,sixties,male_masculine,,ca,balearic,,,male_masculine,projecte-aina/annotated_catalan_common_voice_v17,corpus/files/annotated_train.tsv,balearic,train,train,audio/ca/train/ca_train_5.tar
7dc80454edecce4862042fde068b9c67e9f70785f9aa87481a9ac117b43c3e0453c7f545b873dc5fb06e1af2029db067cab40a7ae8517a4570643a9d76e6c2d2,common_voice_ca_30802851.mp3,Selva és un municipi de Mallorca.,,,,ca,balearic,,,,projecte-aina/annotated_catalan_common_voice_v17,corpus/files/annotated_train.tsv,balearic,train,train,audio/ca/train/ca_train_0.tar
872c70c8e020dbc2b83e883096316d7378e567905778dc1ccaa8e30d2f373496d7ee0d9b73aeaef6465a87afa54b15ffd29992b8b4d7c8476238168df51a456c,common_voice_ca_33418021.mp3,Es fa del vuit al vint-i-quatre de febrer amb actes de tota mena.,,,,ca,balearic,,,,projecte-aina/annotated_catalan_common_voice_v17,corpus/files/annotated_train.tsv,balearic,train,train,audio/ca/train/ca_train_0.tar
8785bd6a0a2827968fb07a4aab4a0247abe47601ff44190a9f2731b560f47b1f9b4760e77ce80316b8e3191e4139aab9acda468dce858acd7c42f1e7a724902b,common_voice_ca_31209027.mp3,El seu ús data de l'antiguitat.,fourties,male_masculine,,ca,balearic,,,male_masculine,projecte-aina/annotated_catalan_common_voice_v17,corpus/files/annotated_train.tsv,balearic,train,train,audio/ca/train/ca_train_5.tar
8785bd6a0a2827968fb07a4aab4a0247abe47601ff44190a9f2731b560f47b1f9b4760e77ce80316b8e3191e4139aab9acda468dce858acd7c42f1e7a724902b,common_voice_ca_31209056.mp3,He d'anar al parc de la Trinitat a peu.,fourties,male_masculine,,ca,balearic,,,male_masculine,projecte-aina/annotated_catalan_common_voice_v17,corpus/files/annotated_train.tsv,balearic,train,train,audio/ca/train/ca_train_5.tar
a8264dd930d1b0b3cedb8ad09a5948f6ebbac873d0017cde0712f25af6db5897db89a352454da9f31f15d51809b987819871860f9df906ab76fc230f8c980bf1,common_voice_ca_34201525.mp3,El vint-i-tres de maig en Mateu i na Rita volen anar d'excursió.,,,,ca,balearic,,,,projecte-aina/annotated_catalan_common_voice_v17,corpus/files/annotated_train.tsv,balearic,train,train,audio/ca/train/ca_train_4.tar
a8264dd930d1b0b3cedb8ad09a5948f6ebbac873d0017cde0712f25af6db5897db89a352454da9f31f15d51809b987819871860f9df906ab76fc230f8c980bf1,common_voice_ca_34202964.mp3,Ha estat descrit com un dels escriptors més destacats d'origen serbi.,,,,ca,balearic,,,,projecte-aina/annotated_catalan_common_voice_v17,corpus/files/annotated_train.tsv,balearic,train,train,audio/ca/train/ca_train_4.tar
b96a5e368f372a886f7c7db826b8f8c3eaef488c24eaea690ab0f55fdd1de4bff39657b53c9f12982bae845f7b7d0d1f08c0447d7382efd0c1c6fd0c6881d75a,common_voice_ca_34405159.mp3,Una altra característica destacada de la moto era el seu carenat.,,,,ca,balearic,,,female_feminine,projecte-aina/annotated_catalan_common_voice_v17,corpus/files/annotated_train.tsv,balearic,calibration,train,audio/ca/train/ca_train_5.tar
b96a5e368f372a886f7c7db826b8f8c3eaef488c24eaea690ab0f55fdd1de4bff39657b53c9f12982bae845f7b7d0d1f08c0447d7382efd0c1c6fd0c6881d75a,common_voice_ca_35009185.mp3,Pere Arpa i Torremilans va ser un músic nascut a Cornellà del Terri.,thirties,female_feminine,,ca,balearic,,,female_feminine,projecte-aina/annotated_catalan_common_voice_v17,corpus/files/annotated_train.tsv,balearic,calibration,train,audio/ca/train/ca_train_5.tar
b96a5e368f372a886f7c7db826b8f8c3eaef488c24eaea690ab0f55fdd1de4bff39657b53c9f12982bae845f7b7d0d1f08c0447d7382efd0c1c6fd0c6881d75a,common_voice_ca_35009232.mp3,"Els crits preferits eren ""Unite"" i ""Say Ra"".",thirties,female_feminine,,ca,balearic,,,female_feminine,projecte-aina/annotated_catalan_common_voice_v17,corpus/files/annotated_train.tsv,balearic,calibration,train,audio/ca/train/ca_train_5.tar
bc693d031f1841a938984a88528b45b8b1aa7a3cc607bebcbafed9af35919ec6da01f673d40156e5524dbfc69e34de70a923b2822ce0229de1871a09797aea0f,common_voice_ca_30928657.mp3,el vint-i-tres de maig he d'anar a Roda de Ter amb autobús.,,,,ca,balearic,,,female_feminine,projecte-aina/annotated_catalan_common_voice_v17,corpus/files/annotated_train.tsv,balearic,calibration,train,audio/ca/train/ca_train_5.tar
bc693d031f1841a938984a88528b45b8b1aa7a3cc607bebcbafed9af35919ec6da01f673d40156e5524dbfc69e34de70a923b2822ce0229de1871a09797aea0f,common_voice_ca_30928854.mp3,Aquest violinista toca millor que l'altre.,fourties,female_feminine,,ca,balearic,,,female_feminine,projecte-aina/annotated_catalan_common_voice_v17,corpus/files/annotated_train.tsv,balearic,calibration,train,audio/ca/train/ca_train_5.tar
bc693d031f1841a938984a88528b45b8b1aa7a3cc607bebcbafed9af35919ec6da01f673d40156e5524dbfc69e34de70a923b2822ce0229de1871a09797aea0f,common_voice_ca_30968019.mp3,La nova formació va canviar ràpidament el nom per The Never.,fourties,female_feminine,,ca,balearic,,,female_feminine,projecte-aina/annotated_catalan_common_voice_v17,corpus/files/annotated_train.tsv,balearic,calibration,train,audio/ca/train/ca_train_5.tar
bd073b8fdf60c2e84ec6391520c620d664720c48307530f097b50b90c7c0bf559525cbf5db0ec7cb331da6335b1c5ff0452ea21c7a8dfd7ec4e7395fdc1d6203,common_voice_ca_33394636.mp3,"I afegí: Perquè som dones, som aquí!",,,,ca,balearic,,,,projecte-aina/annotated_catalan_common_voice_v17,corpus/files/annotated_train.tsv,balearic,train,train,audio/ca/train/ca_train_0.tar
bd073b8fdf60c2e84ec6391520c620d664720c48307530f097b50b90c7c0bf559525cbf5db0ec7cb331da6335b1c5ff0452ea21c7a8dfd7ec4e7395fdc1d6203,common_voice_ca_33394638.mp3,Els passatgers van estar transbordats a un autobús per continuar el viatge.,,,,ca,balearic,,,,projecte-aina/annotated_catalan_common_voice_v17,corpus/files/annotated_train.tsv,balearic,train,train,audio/ca/train/ca_train_0.tar
c3c9f68000106b3f3dcc6c98ff508a39eb94dfe149df35de5753252bf9c9e0019e82e1f93475e003381921f1bf46a7d5f98c2dcb5fc559940808ce8905b6c015,common_voice_ca_34564243.mp3,La roda de premsa es va produir ahir al matí.,teens,female_feminine,,ca,balearic,,,female_feminine,projecte-aina/annotated_catalan_common_voice_v17,corpus/files/annotated_train.tsv,balearic,calibration,train,audio/ca/train/ca_train_4.tar
c3c9f68000106b3f3dcc6c98ff508a39eb94dfe149df35de5753252bf9c9e0019e82e1f93475e003381921f1bf46a7d5f98c2dcb5fc559940808ce8905b6c015,common_voice_ca_34564402.mp3,"Des d'aquest punt es podien fer senyals als castells de Navès, Solsona, Pinós i Cardona.",teens,female_feminine,,ca,balearic,,,female_feminine,projecte-aina/annotated_catalan_common_voice_v17,corpus/files/annotated_train.tsv,balearic,calibration,train,audio/ca/train/ca_train_4.tar
cd6286f379b071fb084f15c02771115ad2a4a5a12e5d75f2c2d447722198e60667a5bae96b02d7bcbebce9e03e0b1fd07da5cbbc0adb564845d4b085e6fd6e01,common_voice_ca_35016748.mp3,diumenge he d'anar a la Febró amb autobús.,,,,ca,balearic,,,,projecte-aina/annotated_catalan_common_voice_v17,corpus/files/annotated_train.tsv,balearic,train,train,audio/ca/train/ca_train_0.tar
d08e7706cbe4edb76683063595a02112cb887764504270512404bb1e23b4711efe31c8245a50251dbf840041ec06292bb23260904aa7302cb3ff3ba7d06b5706,common_voice_ca_33974106.mp3,El deu d'agost en Joel anirà al cinema.,,,,ca,balearic,,,,projecte-aina/annotated_catalan_common_voice_v17,corpus/files/annotated_train.tsv,balearic,calibration,train,audio/ca/train/ca_train_0.tar
e59ec9d6d0874dc4ccf7f8b6a840167e2b462b860c79cd541582a38112bbb3a04e9b123c280ce03a89a17be85d50889e61f6a3d22a9d2f6937b33b4db55173f4,common_voice_ca_24680761.mp3,Actualment la mateixa deu alimenta d'aigua el safareig de la font.,,,,ca,balearic,,,,projecte-aina/annotated_catalan_common_voice_v17,corpus/files/annotated_train.tsv,balearic,train,train,audio/ca/train/ca_train_0.tar
e69164ae3d9e1a36de26e1d95e9c8f58c9f982e692c6e611aa4c8f63b2cd115693828d754faf425ccabf80f8ed160ddffaf462fbb072478ac4d591e7c8d8b34c,common_voice_ca_37561143.mp3,A casa s'està molt bé.,,,,ca,balearic,,,,projecte-aina/annotated_catalan_common_voice_v17,corpus/files/annotated_train.tsv,balearic,train,train,audio/ca/train/ca_train_0.tar
ec935d4ce106e3a2ce92e5fce5931a51042673d523261d56e3ceb883011f91ac5457c8863a975d324a70dd13e84e5f798ccc0df8b80454abecbdc789c1a389a7,common_voice_ca_37629946.mp3,Aquest diumenge aniré a Cervià de les Garrigues,twenties,female_feminine,,ca,balearic,,,female_feminine,projecte-aina/annotated_catalan_common_voice_v17,corpus/files/annotated_train.tsv,balearic,train,train,audio/ca/train/ca_train_5.tar
ec935d4ce106e3a2ce92e5fce5931a51042673d523261d56e3ceb883011f91ac5457c8863a975d324a70dd13e84e5f798ccc0df8b80454abecbdc789c1a389a7,common_voice_ca_37630033.mp3,Dema aniré a Castellar de n'Hug,twenties,female_feminine,,ca,balearic,,,female_feminine,projecte-aina/annotated_catalan_common_voice_v17,corpus/files/annotated_train.tsv,balearic,train,train,audio/ca/train/ca_train_5.tar
ed80150892f4da0ad2f2752fd263b54e0e370ed99ed7dbf8674a1cba212587f28e58f7652b6f14a9feff0b9afa5604c67f6f1e59d11b17e1a8f898fa3f1ea7c1,common_voice_ca_37569677.mp3,Havaneres a la plaça de l'església.,,,,ca,balearic,,,,projecte-aina/annotated_catalan_common_voice_v17,corpus/files/annotated_train.tsv,balearic,validation,train,audio/ca/train/ca_train_0.tar
ed80150892f4da0ad2f2752fd263b54e0e370ed99ed7dbf8674a1cba212587f28e58f7652b6f14a9feff0b9afa5604c67f6f1e59d11b17e1a8f898fa3f1ea7c1,common_voice_ca_37569678.mp3,Com va? Mitja guitarra.,,,,ca,balearic,,,,projecte-aina/annotated_catalan_common_voice_v17,corpus/files/annotated_train.tsv,balearic,validation,train,audio/ca/train/ca_train_0.tar
ed80150892f4da0ad2f2752fd263b54e0e370ed99ed7dbf8674a1cba212587f28e58f7652b6f14a9feff0b9afa5604c67f6f1e59d11b17e1a8f898fa3f1ea7c1,common_voice_ca_37569681.mp3,Dema aniré a Torrefeta i Florejacs,,,,ca,balearic,,,,projecte-aina/annotated_catalan_common_voice_v17,corpus/files/annotated_train.tsv,balearic,validation,train,audio/ca/train/ca_train_0.tar
00afc269d5b247d338e14f41b165b1a8bf7fa82d1d1eac662d469b95efb0849e76ce41c7c4bb6981d9bc9eded016287bb01d6d3908f8d3895d030a77b37da32c,common_voice_ca_31205965.mp3,"El meu número es el sis, cinquanta-set, dinou, cinquanta-nou, trenta-sis.",thirties,male_masculine,,ca,central,,,male_masculine,projecte-aina/annotated_catalan_common_voice_v17,corpus/files/annotated_train.tsv,central,train,train,audio/ca/train/ca_train_4.tar
00afc269d5b247d338e14f41b165b1a8bf7fa82d1d1eac662d469b95efb0849e76ce41c7c4bb6981d9bc9eded016287bb01d6d3908f8d3895d030a77b37da32c,common_voice_ca_31206005.mp3,"La capella del castell, dedicada a Sant Just, també va patir greus danys.",thirties,male_masculine,,ca,central,,,male_masculine,projecte-aina/annotated_catalan_common_voice_v17,corpus/files/annotated_train.tsv,central,train,train,audio/ca/train/ca_train_4.tar
00afc269d5b247d338e14f41b165b1a8bf7fa82d1d1eac662d469b95efb0849e76ce41c7c4bb6981d9bc9eded016287bb01d6d3908f8d3895d030a77b37da32c,common_voice_ca_31220348.mp3,Aquest torneig va retornar al circuit després de sis anys d'absència.,thirties,male_masculine,,ca,central,,,male_masculine,projecte-aina/annotated_catalan_common_voice_v17,corpus/files/annotated_train.tsv,central,train,train,audio/ca/train/ca_train_4.tar
201c1153bc3d57d8fc545fde8af2be93f55346296db9780814189b1f0e563ffedf348c8a48c85651ba6a9c6168267caacb1d371dfc5c83305c38a85f14cfc358,common_voice_ca_30750044.mp3,El primer factor té quatre dígits significatius i el segon té dos dígits significatius.,teens,male_masculine,,ca,central,,,male_masculine,projecte-aina/annotated_catalan_common_voice_v17,corpus/files/annotated_train.tsv,central,train,train,audio/ca/train/ca_train_4.tar
201c1153bc3d57d8fc545fde8af2be93f55346296db9780814189b1f0e563ffedf348c8a48c85651ba6a9c6168267caacb1d371dfc5c83305c38a85f14cfc358,common_voice_ca_30750050.mp3,Un home i una dona amb vestimenta de colors fan un ball a la nit,teens,male_masculine,,ca,central,,,male_masculine,projecte-aina/annotated_catalan_common_voice_v17,corpus/files/annotated_train.tsv,central,train,train,audio/ca/train/ca_train_4.tar
201c1153bc3d57d8fc545fde8af2be93f55346296db9780814189b1f0e563ffedf348c8a48c85651ba6a9c6168267caacb1d371dfc5c83305c38a85f14cfc358,common_voice_ca_30750104.mp3,"El seu rostre, la seva veu, els seus gestos ho revelaven amb tota claredat.",teens,male_masculine,,ca,central,,,male_masculine,projecte-aina/annotated_catalan_common_voice_v17,corpus/files/annotated_train.tsv,central,train,train,audio/ca/train/ca_train_4.tar
201c1153bc3d57d8fc545fde8af2be93f55346296db9780814189b1f0e563ffedf348c8a48c85651ba6a9c6168267caacb1d371dfc5c83305c38a85f14cfc358,common_voice_ca_30750212.mp3,Molts problemes d'embaràs i naixement estan relacionats amb el desenvolupament de problemes de conducta.,teens,male_masculine,,ca,central,,,male_masculine,projecte-aina/annotated_catalan_common_voice_v17,corpus/files/annotated_train.tsv,central,train,train,audio/ca/train/ca_train_4.tar
29155285d2cf7ef9a61d37c6eebcccf385e434cb8a7fdc17c154faafc072d527423a9cb59f5b9db1b23ce60c08feb728005901c4a1fe1b23bded7587247fb64c,common_voice_ca_34906538.mp3,"Després de la presentació, em comenta que l’han preocupat molt les dades.",seventies,male_masculine,,ca,central,,,male_masculine,projecte-aina/annotated_catalan_common_voice_v17,corpus/files/annotated_train.tsv,central,train,train,audio/ca/train/ca_train_0.tar
29180585350e0877129796f57a8bd4db9a52c87d0e36b4126df4bd3d3b4e6e211b7152cf11c59e04864f42f53f229cbaa9bc3c5f1358a3d57aacab1d6adc00a5,common_voice_ca_19189414.mp3,Venim de Vilobí del Penedès.,fourties,male_masculine,,ca,central,,,male_masculine,projecte-aina/annotated_catalan_common_voice_v17,corpus/files/annotated_train.tsv,central,validation,train,audio/ca/train/ca_train_5.tar
29180585350e0877129796f57a8bd4db9a52c87d0e36b4126df4bd3d3b4e6e211b7152cf11c59e04864f42f53f229cbaa9bc3c5f1358a3d57aacab1d6adc00a5,common_voice_ca_19189541.mp3,El vi i la veritat tenen bona amistat.,fourties,male_masculine,,ca,central,,,male_masculine,projecte-aina/annotated_catalan_common_voice_v17,corpus/files/annotated_train.tsv,central,validation,train,audio/ca/train/ca_train_5.tar
29180585350e0877129796f57a8bd4db9a52c87d0e36b4126df4bd3d3b4e6e211b7152cf11c59e04864f42f53f229cbaa9bc3c5f1358a3d57aacab1d6adc00a5,common_voice_ca_19189588.mp3,L'estimava; però la riquesa li donava sobre ell una gran superioritat.,fourties,male_masculine,,ca,central,,,male_masculine,projecte-aina/annotated_catalan_common_voice_v17,corpus/files/annotated_train.tsv,central,validation,train,audio/ca/train/ca_train_5.tar
35c2b3bdc57f3b3aade08ee623844e69f0db7d5ab03af2f02f0901fa1b5043e8d170771a94ddc61d899e4d805980099f1da7c47883e48c9a5a8ce86a489a4bd2,common_voice_ca_32152536.mp3,Diumenge en Nico vol anar a la platja.,,,,ca,central,,,,projecte-aina/annotated_catalan_common_voice_v17,corpus/files/annotated_train.tsv,central,train,train,audio/ca/train/ca_train_0.tar
35c2b3bdc57f3b3aade08ee623844e69f0db7d5ab03af2f02f0901fa1b5043e8d170771a94ddc61d899e4d805980099f1da7c47883e48c9a5a8ce86a489a4bd2,common_voice_ca_32152538.mp3,El vint-i-tres de maig na Lola i na Jana iran a la platja.,,,,ca,central,,,,projecte-aina/annotated_catalan_common_voice_v17,corpus/files/annotated_train.tsv,central,train,train,audio/ca/train/ca_train_0.tar
3821934354269bfe9aaf36f028d07894ad9b9ca1cb5303ff6b05157f7fd588684f977a0465420886dd2672912e4f689bac9abc92e77c3b2e4358c8e93652b7d7,common_voice_ca_32865877.mp3,"En el seu llibre ""Outspoken Essays"" dedica un capítol sencer a aquest tema.",sixties,female_feminine,,ca,central,,,female_feminine,projecte-aina/annotated_catalan_common_voice_v17,corpus/files/annotated_train.tsv,central,train,train,audio/ca/train/ca_train_5.tar
425948ca7aebf09e6c5cb10bb340fd5b37cc6edcf7bbc087bc95aa391aed4a056e7c932b915719d1108fa98cc7ac2f6eefbbb5ba6a7a2b8dade71504bd876086,common_voice_ca_30956302.mp3,"També tenia un rol recurrent a la comèdia de situació ""Everybody Hates Chris"".",sixties,male_masculine,,ca,central,,,male_masculine,projecte-aina/annotated_catalan_common_voice_v17,corpus/files/annotated_train.tsv,central,validation,train,audio/ca/train/ca_train_5.tar
425948ca7aebf09e6c5cb10bb340fd5b37cc6edcf7bbc087bc95aa391aed4a056e7c932b915719d1108fa98cc7ac2f6eefbbb5ba6a7a2b8dade71504bd876086,common_voice_ca_31133735.mp3,Sé una manera en què ho pots fer.,sixties,male_masculine,,ca,central,,,male_masculine,projecte-aina/annotated_catalan_common_voice_v17,corpus/files/annotated_train.tsv,central,validation,train,audio/ca/train/ca_train_5.tar
45aae21ab6f0f2e966b7bffa19e83d4c42c7ab6ed79e08ecf644a71ffa86a81b45046e71a964cadeed75da8e4e576a7c42e350f3cbb43eba94f6a966e2603477,common_voice_ca_37427953.mp3,Combregar al malalt.,,,,ca,central,,,,projecte-aina/annotated_catalan_common_voice_v17,corpus/files/annotated_train.tsv,central,calibration,train,audio/ca/train/ca_train_0.tar
5b7be4d8ea722d2beaa45038f441f8cfc09473234e4d75de4b926949a94d77ff71f31d5cd85ad57bcf81e60879c54f4d304c3d4cf451a73c23c3ba95dc8d13ca,common_voice_ca_30804318.mp3,El vaixell va romandre en el teatre fins el maig.,,,,ca,central,,,,projecte-aina/annotated_catalan_common_voice_v17,corpus/files/annotated_train.tsv,central,train,train,audio/ca/train/ca_train_0.tar
695252d671daf383596d9db635d67c7375ae56a846f6ee4da73eecb45c726477de2125e3eb0ac4f385957cf4e222136d2d8d5f70aedcf3529be11c9c2ef5420e,common_voice_ca_30829584.mp3,El cavaller i la majoria dels consellers laboristes van protestar negant-se a proposar pressupostos.,,,,ca,central,,,,projecte-aina/annotated_catalan_common_voice_v17,corpus/files/annotated_train.tsv,central,train,train,audio/ca/train/ca_train_0.tar
695252d671daf383596d9db635d67c7375ae56a846f6ee4da73eecb45c726477de2125e3eb0ac4f385957cf4e222136d2d8d5f70aedcf3529be11c9c2ef5420e,common_voice_ca_30829586.mp3,Un grup de professionals mèdics realitzen una operació quirúrgica.,,,,ca,central,,,,projecte-aina/annotated_catalan_common_voice_v17,corpus/files/annotated_train.tsv,central,train,train,audio/ca/train/ca_train_0.tar
729ac774d26f520f8c985eaa2f4a4d610e7064dbbb4b6504c5304b1f1f6b94b21b19a0302e12f7a9bddc32765b82787bfab279fc90772394441780b6f689e2b9,common_voice_ca_31959723.mp3,El deu d'agost na Clara i na Jana aniran a la Vila Joiosa.,,,,ca,central,,,,projecte-aina/annotated_catalan_common_voice_v17,corpus/files/annotated_train.tsv,central,train,train,audio/ca/train/ca_train_0.tar
742a14b0b7127eb56d7ecddc8612e7116a0c81513e804141ae9d385e8c5370b398dfd97d1834a5f5af7b318101b0e4241fe350d016644f6609e8172108179be7,common_voice_ca_31285640.mp3,Combina la carretera amb la pista on ha obtingut algunes victòries.,,,,ca,central,,,,projecte-aina/annotated_catalan_common_voice_v17,corpus/files/annotated_train.tsv,central,train,train,audio/ca/train/ca_train_4.tar
742a14b0b7127eb56d7ecddc8612e7116a0c81513e804141ae9d385e8c5370b398dfd97d1834a5f5af7b318101b0e4241fe350d016644f6609e8172108179be7,common_voice_ca_31285683.mp3,És divorciada i té una filla.,,,,ca,central,,,,projecte-aina/annotated_catalan_common_voice_v17,corpus/files/annotated_train.tsv,central,train,train,audio/ca/train/ca_train_4.tar
7f1195d008f6d8cd8c036f1aaf607ae4bd0106a187a5ae712342c059ab6a97caa1c05ad7667f90aaf99620933c2d7689860c0adb8b7d7b8a67b57a5fe152c20d,common_voice_ca_17536856.mp3,"Per l'octubre, del foc, ni gaire lluny ni gaire a prop.",fourties,male_masculine,,ca,central,,,male_masculine,projecte-aina/annotated_catalan_common_voice_v17,corpus/files/annotated_train.tsv,central,train,train,audio/ca/train/ca_train_4.tar
7f1195d008f6d8cd8c036f1aaf607ae4bd0106a187a5ae712342c059ab6a97caa1c05ad7667f90aaf99620933c2d7689860c0adb8b7d7b8a67b57a5fe152c20d,common_voice_ca_17536878.mp3,Una altra cosa és l'ús de les llengües.,fourties,male_masculine,,ca,central,,,male_masculine,projecte-aina/annotated_catalan_common_voice_v17,corpus/files/annotated_train.tsv,central,train,train,audio/ca/train/ca_train_4.tar
7f1195d008f6d8cd8c036f1aaf607ae4bd0106a187a5ae712342c059ab6a97caa1c05ad7667f90aaf99620933c2d7689860c0adb8b7d7b8a67b57a5fe152c20d,common_voice_ca_17536879.mp3,Comptar amb un informe socioeconòmic que acrediti la situació de vulnerabilitat de la unitat de convivència.,fourties,male_masculine,,ca,central,,,male_masculine,projecte-aina/annotated_catalan_common_voice_v17,corpus/files/annotated_train.tsv,central,train,train,audio/ca/train/ca_train_4.tar
8d0c6ba48b4f6c20e34516195fde472f21893a489802d6201a93e7588f1dfcc132066f4cf4f773e8d5958556615aaddfdfd0206d2ff0d58f974d8b9e4be2c9c2,common_voice_ca_32482119.mp3,Demà passat en Roc vol anar a la biblioteca.,twenties,male_masculine,,ca,central,,,male_masculine,projecte-aina/annotated_catalan_common_voice_v17,corpus/files/annotated_train.tsv,central,calibration,train,audio/ca/train/ca_train_5.tar
8d0c6ba48b4f6c20e34516195fde472f21893a489802d6201a93e7588f1dfcc132066f4cf4f773e8d5958556615aaddfdfd0206d2ff0d58f974d8b9e4be2c9c2,common_voice_ca_32502099.mp3,Dimecres en Guim i na Frida van a Albuixec.,twenties,male_masculine,,ca,central,,,male_masculine,projecte-aina/annotated_catalan_common_voice_v17,corpus/files/annotated_train.tsv,central,calibration,train,audio/ca/train/ca_train_5.tar
b96765c69abf2520634f4bfda9efea33bc0f8ce912e5c0ada78a690ff39fd1bad17a9e1168a5a1892f83481e0a4e56b57af7fd183901437361ee109dcc158f8f,common_voice_ca_30789413.mp3,"Els adversaris reals, en contraposició als idealitzats, es coneixen com a ""atacants"".",,,,ca,central,,,,projecte-aina/annotated_catalan_common_voice_v17,corpus/files/annotated_train.tsv,central,train,train,audio/ca/train/ca_train_0.tar
ce5f045086ae3d02f9b73de422a26c92c84d8497a5c3bb5a21a7f8c3606599bd29271305afd3348c3f6aee377f48daf639cbd20b3ed986f783995211a3f5c530,common_voice_ca_30776426.mp3,"Va heretar d""ell els coneixements astronòmics i la passió per l""escriptura.",sixties,male_masculine,,ca,central,,,male_masculine,projecte-aina/annotated_catalan_common_voice_v17,corpus/files/annotated_train.tsv,central,validation,train,audio/ca/train/ca_train_4.tar
ce5f045086ae3d02f9b73de422a26c92c84d8497a5c3bb5a21a7f8c3606599bd29271305afd3348c3f6aee377f48daf639cbd20b3ed986f783995211a3f5c530,common_voice_ca_30776573.mp3,Podria haver sabut que ningú no em volia realment.,sixties,male_masculine,,ca,central,,,male_masculine,projecte-aina/annotated_catalan_common_voice_v17,corpus/files/annotated_train.tsv,central,validation,train,audio/ca/train/ca_train_4.tar
ce5f045086ae3d02f9b73de422a26c92c84d8497a5c3bb5a21a7f8c3606599bd29271305afd3348c3f6aee377f48daf639cbd20b3ed986f783995211a3f5c530,common_voice_ca_30776575.mp3,Què hi ha al passatge de Bosch i Labrús número seixanta-set?,sixties,male_masculine,,ca,central,,,male_masculine,projecte-aina/annotated_catalan_common_voice_v17,corpus/files/annotated_train.tsv,central,validation,train,audio/ca/train/ca_train_4.tar
ce5f045086ae3d02f9b73de422a26c92c84d8497a5c3bb5a21a7f8c3606599bd29271305afd3348c3f6aee377f48daf639cbd20b3ed986f783995211a3f5c530,common_voice_ca_30776666.mp3,Els relats sobre el que va passar a continuació varien.,sixties,male_masculine,,ca,central,,,male_masculine,projecte-aina/annotated_catalan_common_voice_v17,corpus/files/annotated_train.tsv,central,validation,train,audio/ca/train/ca_train_4.tar
ce5f045086ae3d02f9b73de422a26c92c84d8497a5c3bb5a21a7f8c3606599bd29271305afd3348c3f6aee377f48daf639cbd20b3ed986f783995211a3f5c530,common_voice_ca_30776808.mp3,"El llibre s'ha convertit en un videojoc, també escrit per Brookmyre.",sixties,male_masculine,,ca,central,,,male_masculine,projecte-aina/annotated_catalan_common_voice_v17,corpus/files/annotated_train.tsv,central,validation,train,audio/ca/train/ca_train_4.tar
ce5f045086ae3d02f9b73de422a26c92c84d8497a5c3bb5a21a7f8c3606599bd29271305afd3348c3f6aee377f48daf639cbd20b3ed986f783995211a3f5c530,common_voice_ca_30776812.mp3,Els enrutadors més grans ara tenen velocitats variables i els bits més grans requereixen una velocitat més lenta.,sixties,male_masculine,,ca,central,,,male_masculine,projecte-aina/annotated_catalan_common_voice_v17,corpus/files/annotated_train.tsv,central,validation,train,audio/ca/train/ca_train_4.tar
dab5933d9640588d6899583a730cf252aa27430284dd990f63b1c79738fd416717a3d7ee261691a215bdfd26196459b21cf596cb00cd5db5a9fb44de1348b564,common_voice_ca_17508953.mp3,Es va empassar la saliva.,fifties,male_masculine,,ca,central,,,male_masculine,projecte-aina/annotated_catalan_common_voice_v17,corpus/files/annotated_train.tsv,central,validation,train,audio/ca/train/ca_train_4.tar
dab5933d9640588d6899583a730cf252aa27430284dd990f63b1c79738fd416717a3d7ee261691a215bdfd26196459b21cf596cb00cd5db5a9fb44de1348b564,common_voice_ca_17508964.mp3,No veig res.,fifties,male_masculine,,ca,central,,,male_masculine,projecte-aina/annotated_catalan_common_voice_v17,corpus/files/annotated_train.tsv,central,validation,train,audio/ca/train/ca_train_4.tar
dab5933d9640588d6899583a730cf252aa27430284dd990f63b1c79738fd416717a3d7ee261691a215bdfd26196459b21cf596cb00cd5db5a9fb44de1348b564,common_voice_ca_17508975.mp3,El segon cop que rebutgi l'oferta en aquestes condicions passarà al darrer lloc de la borsa.,fifties,male_masculine,,ca,central,,,male_masculine,projecte-aina/annotated_catalan_common_voice_v17,corpus/files/annotated_train.tsv,central,validation,train,audio/ca/train/ca_train_4.tar
effde50148e22f0a5bf33eadbed78cefb762451fe19353ed3fa2d834d8b9692ef6a70f80d87c08117cee151f446be2d2a0e2fdcd204611c83a2d701a832879c2,common_voice_ca_31044231.mp3,Empleats treballant a la caixa en una botiga de queviures,,female_feminine,,ca,central,,,female_feminine,projecte-aina/annotated_catalan_common_voice_v17,corpus/files/annotated_train.tsv,central,train,train,audio/ca/train/ca_train_5.tar
effde50148e22f0a5bf33eadbed78cefb762451fe19353ed3fa2d834d8b9692ef6a70f80d87c08117cee151f446be2d2a0e2fdcd204611c83a2d701a832879c2,common_voice_ca_31048062.mp3,"Ernest J. Moniz és el director general, i Joan Rohlfing és la presidenta.",,female_feminine,,ca,central,,,female_feminine,projecte-aina/annotated_catalan_common_voice_v17,corpus/files/annotated_train.tsv,central,train,train,audio/ca/train/ca_train_5.tar
01ec2bedd32c841ddd93670183677ce0c5964c9516beaf52a6b70467370b33b11c8b12ec3313947fbc37b4133dd45a50dc799d65c823c1b318846c6aa15b93c8,common_voice_ca_31089704.mp3,Com ho puc fer per anar al carrer de Boada?,,,,ca,northern,,,,projecte-aina/annotated_catalan_common_voice_v17,corpus/files/annotated_train.tsv,northern,train,train,audio/ca/train/ca_train_5.tar
01ec2bedd32c841ddd93670183677ce0c5964c9516beaf52a6b70467370b33b11c8b12ec3313947fbc37b4133dd45a50dc799d65c823c1b318846c6aa15b93c8,common_voice_ca_31089844.mp3,"Tanmateix, quan la sèrie va acabar, li va ser impossible de trobar feina.",,,,ca,northern,,,,projecte-aina/annotated_catalan_common_voice_v17,corpus/files/annotated_train.tsv,northern,train,train,audio/ca/train/ca_train_5.tar
01ec2bedd32c841ddd93670183677ce0c5964c9516beaf52a6b70467370b33b11c8b12ec3313947fbc37b4133dd45a50dc799d65c823c1b318846c6aa15b93c8,common_voice_ca_31089934.mp3,L'àlbum només es pot adquirir per Internet.,,,,ca,northern,,,,projecte-aina/annotated_catalan_common_voice_v17,corpus/files/annotated_train.tsv,northern,train,train,audio/ca/train/ca_train_5.tar
0336780475a5c299071b7ee8249d4d4f348cfd9cf41651af74abde09d3b98a702ef33c7b0f7aa6e7ccb3bb0f198c604cd5dfdcb5bdf01bbbe5bad0b699b434ff,common_voice_ca_30846847.mp3,La comunitat es troba a la part nord-oest de la ciutat de Geddes.,,,,ca,northern,,,,projecte-aina/annotated_catalan_common_voice_v17,corpus/files/annotated_train.tsv,northern,validation,train,audio/ca/train/ca_train_5.tar
31f514f5aac74b6ffd1c48c8729a18e5bf53b7e09ecb2f06f29ac2d4708e73b1f4df61e2ca0a24916d2897268456dd598f2a1f5fcb8fec471082f4f1fb304f86,common_voice_ca_31151336.mp3,Francesc Jubany i Del Castillo va ser un polític nascut a Arenys de Mar.,,,,ca,northern,,,,projecte-aina/annotated_catalan_common_voice_v17,corpus/files/annotated_train.tsv,northern,calibration,train,audio/ca/train/ca_train_4.tar
31f514f5aac74b6ffd1c48c8729a18e5bf53b7e09ecb2f06f29ac2d4708e73b1f4df61e2ca0a24916d2897268456dd598f2a1f5fcb8fec471082f4f1fb304f86,common_voice_ca_31151344.mp3,Baldomer Lostau i Prats va ser un polític nascut a Barcelona.,,,,ca,northern,,,,projecte-aina/annotated_catalan_common_voice_v17,corpus/files/annotated_train.tsv,northern,calibration,train,audio/ca/train/ca_train_4.tar
45e8b22a57ebabca15b2f26029334e8aa7238bb53750ee7acfed631e737015b099e15f718e27f74d082c5f51867d3fd4b097e9ee8092a7177e8e88dd0411617e,common_voice_ca_30979167.mp3,La cançó va ser inclosa per The Reign of Kindo en el seu àlbum de debut homònim.,,,,ca,northern,,,,projecte-aina/annotated_catalan_common_voice_v17,corpus/files/annotated_train.tsv,northern,validation,train,audio/ca/train/ca_train_0.tar
45e8b22a57ebabca15b2f26029334e8aa7238bb53750ee7acfed631e737015b099e15f718e27f74d082c5f51867d3fd4b097e9ee8092a7177e8e88dd0411617e,common_voice_ca_30979169.mp3,El cuiner va amotinar els mariners contra el capità.,,,,ca,northern,,,,projecte-aina/annotated_catalan_common_voice_v17,corpus/files/annotated_train.tsv,northern,validation,train,audio/ca/train/ca_train_0.tar
4706ba1de4d328dfef254587d0bcef7f0449a4ef927d38f1fce2259319eb9e2bf4a902631b784e04d3f95762e474ff12bcf3473aeccf478314932de33d0b2d1e,common_voice_ca_30842020.mp3,Els metges prescriuen moltes receptes per als pacients,,,,ca,northern,,,,projecte-aina/annotated_catalan_common_voice_v17,corpus/files/annotated_train.tsv,northern,train,train,audio/ca/train/ca_train_0.tar
499f45ab0b375c2a2b15dcb609719c4d8decb7b32115d8d5982e8aa3f8446f192c53e322e62361161d9726b390ff59e4800efbfdcaa82240602d703efbc0ce21,common_voice_ca_30846505.mp3,Sempre em poso carn a la carn.,,,,ca,northern,,,,projecte-aina/annotated_catalan_common_voice_v17,corpus/files/annotated_train.tsv,northern,train,train,audio/ca/train/ca_train_0.tar
50ff87c2323af2004bb06bb19ec486b7a7b7509ff294a13954e97b0342b9e68e7493646841e052649495922198638773397b0c3862259e44933a29ce10baceb9,common_voice_ca_32068337.mp3,Per Sant Jordi en Guim vol anar d'excursió.,,,,ca,northern,,,,projecte-aina/annotated_catalan_common_voice_v17,corpus/files/annotated_train.tsv,northern,train,train,audio/ca/train/ca_train_0.tar
5373d9b5ddba5b3c9b74f66afc69eb5e2c2be533b6326125a45ecf198b498a83017c558851b0513fa1a120cd78155a5033b794b59dc88997622f1ac06db2f570,common_voice_ca_31929934.mp3,Divendres na Nina i en Rauric volen anar a Folgueroles.,,,,ca,northern,,,,projecte-aina/annotated_catalan_common_voice_v17,corpus/files/annotated_train.tsv,northern,validation,train,audio/ca/train/ca_train_0.tar
5ec60a4cfb19d7d4119f0efe0b1c13d2b8634e2e97ebf418b4fadf3159cf5c2e16f53bfa27cdca433dffe433714a82ee6f9bca8b5bcbdc1c8338da0268d1ffa0,common_voice_ca_37604015.mp3,Fins a la jubilació total de la persona titular del lloc.,,,,ca,northern,,,,projecte-aina/annotated_catalan_common_voice_v17,corpus/files/annotated_train.tsv,northern,train,train,audio/ca/train/ca_train_5.tar
5ec60a4cfb19d7d4119f0efe0b1c13d2b8634e2e97ebf418b4fadf3159cf5c2e16f53bfa27cdca433dffe433714a82ee6f9bca8b5bcbdc1c8338da0268d1ffa0,common_voice_ca_37604017.mp3,"Poques dents, canyeta verda.",,,,ca,northern,,,,projecte-aina/annotated_catalan_common_voice_v17,corpus/files/annotated_train.tsv,northern,train,train,audio/ca/train/ca_train_5.tar
61af903b928d0a482f4e5cf4c597aeb89a22da67efa4c2850b2f473517f789f2e0b6279af49a4f21560ffb7a32bd6495d47a6fcf4b73bf6d80d58b0b3e17b616,common_voice_ca_30789866.mp3,"Trevor puja al poder segrestant a Clavius, el president electe de Bregna.",,,,ca,northern,,,,projecte-aina/annotated_catalan_common_voice_v17,corpus/files/annotated_train.tsv,northern,train,train,audio/ca/train/ca_train_0.tar
80923f53da66acf2b0f28ec60df4d3abd235f02e36e3f2e0984dfa8bb02386f8cefc915b10962d35598ff7412bcf483f1aa96efb129bee999e5efb5d532ff968,common_voice_ca_37545992.mp3,Els que es casen per amor tenen bones nits i mals jorns.,,,,ca,northern,,,,projecte-aina/annotated_catalan_common_voice_v17,corpus/files/annotated_train.tsv,northern,train,train,audio/ca/train/ca_train_0.tar
8605a4de41c0ea53dcc412a06e2f9f8efdae397b555b30f59ccfdbeb168eff60119542c019930c4bbee3c0a4f503280823d93a812d91d7853093e8ad2973eb04,common_voice_ca_37633414.mp3,Pedro Bertran Monistrol va ser un dibuixant de còmics nascut a Barcelona.,,,,ca,northern,,,,projecte-aina/annotated_catalan_common_voice_v17,corpus/files/annotated_train.tsv,northern,calibration,train,audio/ca/train/ca_train_0.tar
8c21f22afee554814805c114ae8f98539a1ca14b581abbcd3bc1fffbb2f60c28b8c7eb15843a91a8b2240c4242c0715decc01805f89b25c0b6525f0c5e6c320a,common_voice_ca_30853369.mp3,"El centre comercial es va dissenyar amb forma de ""S"".",,,,ca,northern,,,,projecte-aina/annotated_catalan_common_voice_v17,corpus/files/annotated_train.tsv,northern,train,train,audio/ca/train/ca_train_5.tar
8c21f22afee554814805c114ae8f98539a1ca14b581abbcd3bc1fffbb2f60c28b8c7eb15843a91a8b2240c4242c0715decc01805f89b25c0b6525f0c5e6c320a,common_voice_ca_30853595.mp3,"Sense immutar-se, Matthew va continuar perseguint Anna tot i haver estat rebutjat una segona vegada.",,,,ca,northern,,,,projecte-aina/annotated_catalan_common_voice_v17,corpus/files/annotated_train.tsv,northern,train,train,audio/ca/train/ca_train_5.tar
8c21f22afee554814805c114ae8f98539a1ca14b581abbcd3bc1fffbb2f60c28b8c7eb15843a91a8b2240c4242c0715decc01805f89b25c0b6525f0c5e6c320a,common_voice_ca_30876876.mp3,Hauria d'anar a la ronda de la Guineueta Vella número vuitanta-u.,,,,ca,northern,,,,projecte-aina/annotated_catalan_common_voice_v17,corpus/files/annotated_train.tsv,northern,train,train,audio/ca/train/ca_train_5.tar
8c21f22afee554814805c114ae8f98539a1ca14b581abbcd3bc1fffbb2f60c28b8c7eb15843a91a8b2240c4242c0715decc01805f89b25c0b6525f0c5e6c320a,common_voice_ca_30876879.mp3,"La gira va incloure tres partits internacionals jugats a Melbourne, Sydney i Adelaide.",,,,ca,northern,,,,projecte-aina/annotated_catalan_common_voice_v17,corpus/files/annotated_train.tsv,northern,train,train,audio/ca/train/ca_train_5.tar
92891fa5d0252d8925f414cfb9c70d26d072552ab50e1e8b28467311c9b40e9d77aadedf5a09bd922e660758b12c084927a84d4e81072d8f763af20b7427764d,common_voice_ca_25092517.mp3,Una dona passeja mentre parla per telèfon.,,,,ca,northern,,,,projecte-aina/annotated_catalan_common_voice_v17,corpus/files/annotated_train.tsv,northern,train,train,audio/ca/train/ca_train_0.tar
96c4d1dc872b9e5b1fc500686bbd73f6348b56ecca9fb7d942c11447ee468ee226fde504251282725d99a732f7d082aa45c43726ba68e31bbc85a881b0af48c1,common_voice_ca_30969692.mp3,"El seu aniversari és poc després de Nadal, a principis de gener",,,,ca,northern,,,,projecte-aina/annotated_catalan_common_voice_v17,corpus/files/annotated_train.tsv,northern,train,train,audio/ca/train/ca_train_0.tar
9fb7c6ba9e690d4f142bcc1f2e88ba470bea8a54402e314229c5ad44a55710b7495097ebb61ba16d4f147de441805dcf87693b30de26a04672b3c4e2adfc9583,common_voice_ca_30754405.mp3,Aquests districtes no coincideixen amb la geografia dels territoris.,,,,ca,northern,,,,projecte-aina/annotated_catalan_common_voice_v17,corpus/files/annotated_train.tsv,northern,train,train,audio/ca/train/ca_train_0.tar
aa8d56848569c88eec9d265620d514cd7df53bbaba013716b7a1794e29b40520e6a6c36f0abb54331b5a0e34abb8484eceda9cc3668f8e3df6dca44d99d8c6e6,common_voice_ca_37427653.mp3,"El matí al port, a la tarda a l'hort.",,,,ca,northern,,,,projecte-aina/annotated_catalan_common_voice_v17,corpus/files/annotated_train.tsv,northern,calibration,train,audio/ca/train/ca_train_0.tar
aa8d56848569c88eec9d265620d514cd7df53bbaba013716b7a1794e29b40520e6a6c36f0abb54331b5a0e34abb8484eceda9cc3668f8e3df6dca44d99d8c6e6,common_voice_ca_37427654.mp3,Morir al llit.,,,,ca,northern,,,,projecte-aina/annotated_catalan_common_voice_v17,corpus/files/annotated_train.tsv,northern,calibration,train,audio/ca/train/ca_train_0.tar
aa8d56848569c88eec9d265620d514cd7df53bbaba013716b7a1794e29b40520e6a6c36f0abb54331b5a0e34abb8484eceda9cc3668f8e3df6dca44d99d8c6e6,common_voice_ca_37427656.mp3,"Entre els actes que conformen el carnestoltes de Corçà hi ha, bàsicament, diversos balls.",,,,ca,northern,,,,projecte-aina/annotated_catalan_common_voice_v17,corpus/files/annotated_train.tsv,northern,calibration,train,audio/ca/train/ca_train_0.tar
bb46e50398bf1b0dbc50c497b4db5be0900860bf36bcc718b76e3483f8e5c6a87e66c8df1e6873665d5aff1b797ae746fa83faaeb7787a160d43593ea7bdc7b2,common_voice_ca_30748932.mp3,Quina és la millor manera d'anar del carrer de la Cartoixa als jardins de les Voltes d'en Cirés?,,,,ca,northern,,,,projecte-aina/annotated_catalan_common_voice_v17,corpus/files/annotated_train.tsv,northern,validation,train,audio/ca/train/ca_train_0.tar
bbb66a66e7f74b028ae63e72b99097e296f9792d1cb02bf5b6a7d1d6925b47d50a34bf492a899ba50c0ee665c59db387950f0146b3c0a2eb1159b37131290a28,common_voice_ca_37602333.mp3,Xarop de bastó.,,,,ca,northern,,,,projecte-aina/annotated_catalan_common_voice_v17,corpus/files/annotated_train.tsv,northern,train,train,audio/ca/train/ca_train_0.tar
bbb66a66e7f74b028ae63e72b99097e296f9792d1cb02bf5b6a7d1d6925b47d50a34bf492a899ba50c0ee665c59db387950f0146b3c0a2eb1159b37131290a28,common_voice_ca_37602358.mp3,Es pot visitar d'abril a octubre.,,,,ca,northern,,,,projecte-aina/annotated_catalan_common_voice_v17,corpus/files/annotated_train.tsv,northern,train,train,audio/ca/train/ca_train_0.tar
d5cf4a445832eb02090db3814726cc4f75f3145a75d214725048f55c3c40414cd4d451f9a2a2831ca7253b688940fa5e976bb9893f6c58b1a5b79de54df022a9,common_voice_ca_32540100.mp3,Planta una estàtua al carrer.,,,,ca,northern,,,,projecte-aina/annotated_catalan_common_voice_v17,corpus/files/annotated_train.tsv,northern,validation,train,audio/ca/train/ca_train_5.tar
d5cf4a445832eb02090db3814726cc4f75f3145a75d214725048f55c3c40414cd4d451f9a2a2831ca7253b688940fa5e976bb9893f6c58b1a5b79de54df022a9,common_voice_ca_32583833.mp3,Dilluns na Sibil·la anirà al metge.,,,,ca,northern,,,,projecte-aina/annotated_catalan_common_voice_v17,corpus/files/annotated_train.tsv,northern,validation,train,audio/ca/train/ca_train_5.tar
de9065b5567e882af96d04a4e36fc779321a6cc297356fa4c91c031432b8b9810883508ddc5b234eaa7a7ec5bdff9627bc7511ad67ef2a0c7d97fc3d1c481b78,common_voice_ca_36932116.mp3,"Amb el col·lapse econòmic de Texas durant la Reconstrucció, la línia va fallar.",,,,ca,northern,,,,projecte-aina/annotated_catalan_common_voice_v17,corpus/files/annotated_train.tsv,northern,train,train,audio/ca/train/ca_train_0.tar
e70e62d6ed6985015e987da40391de410088f0825dfdbbee04963da4ae6be33b9ca19f2b77267b1457e26eee22db639cdce7587435c764d9fede1c005b17561f,common_voice_ca_37574311.mp3,Tingueu en compte que per defecte en el formulari està marcat l'enviament electrònic.,,,,ca,northern,,,,projecte-aina/annotated_catalan_common_voice_v17,corpus/files/annotated_train.tsv,northern,train,train,audio/ca/train/ca_train_0.tar
e70e62d6ed6985015e987da40391de410088f0825dfdbbee04963da4ae6be33b9ca19f2b77267b1457e26eee22db639cdce7587435c764d9fede1c005b17561f,common_voice_ca_37574312.mp3,"Si plou per Sant Pere Regalat, plou quaranta dies de comptat.",,,,ca,northern,,,,projecte-aina/annotated_catalan_common_voice_v17,corpus/files/annotated_train.tsv,northern,train,train,audio/ca/train/ca_train_0.tar
e70e62d6ed6985015e987da40391de410088f0825dfdbbee04963da4ae6be33b9ca19f2b77267b1457e26eee22db639cdce7587435c764d9fede1c005b17561f,common_voice_ca_37574314.mp3,Un secret li és una purga.,,,,ca,northern,,,,projecte-aina/annotated_catalan_common_voice_v17,corpus/files/annotated_train.tsv,northern,train,train,audio/ca/train/ca_train_0.tar
e7e48b7cf195e517e6a62aa81ba4a79916852fc39fbcbcd8862c3fc81872818f2f1512c173e0c2679e04689d9847ce515c1c2f7309984b5035694d2f731c9020,common_voice_ca_31086380.mp3,També destaca la curvatura de la coberta i el seu ràfec.,,,,ca,northern,,,,projecte-aina/annotated_catalan_common_voice_v17,corpus/files/annotated_train.tsv,northern,train,train,audio/ca/train/ca_train_0.tar
f33dfff706b6ca4bb4225d8d462a5a8df8a39177bebc71fe3b1b967557223f7608989d6a8c2992bcb4a36c846e977fa379425753b880690ae2120e888bbb01b2,common_voice_ca_30840723.mp3,Les rampes de Chandos Street es van traslladar a Brook Street en aquesta època.,,,,ca,northern,,,,projecte-aina/annotated_catalan_common_voice_v17,corpus/files/annotated_train.tsv,northern,calibration,train,audio/ca/train/ca_train_0.tar
f68e09280076997e63edff7d22d1147538e45423a2efc0e3f75b3ca1b26a35f94bb50469768bdf58200688279ff4191ff9e4662313fee6fffa46a1c69af429bd,common_voice_ca_37603279.mp3,Estar bé amb sos amics.,,,,ca,northern,,,,projecte-aina/annotated_catalan_common_voice_v17,corpus/files/annotated_train.tsv,northern,train,train,audio/ca/train/ca_train_0.tar
fe753134f697e49b5a132123c0b6b4c5ff486e237638e2f2760abb3fb264daf1b413b984b2b78c7cab2a10677a6f8a6c8fdcc89a2b5c875b30c99a9f1347f0bc,common_voice_ca_30708321.mp3,Pot ser perquè no sabien lo que era Llotja,,,,ca,northern,,,,projecte-aina/annotated_catalan_common_voice_v17,corpus/files/annotated_train.tsv,northern,train,train,audio/ca/train/ca_train_0.tar
108feba99de89c9b6e7021ec8d10471de2d9e65275f60dede6c156cf90dae3cecf6207fd38fed746868e10166bdb23e6be324277931674733d9db8fceb90e19f,common_voice_ca_30756507.mp3,La quantitat afegida als ingressos retinguts són normalment els ingressos nets després d'impostos.,fourties,female_feminine,,ca,northwestern,,,female_feminine,projecte-aina/annotated_catalan_common_voice_v17,corpus/files/annotated_train.tsv,northwestern,train,train,audio/ca/train/ca_train_4.tar
168d7e84c225c61d9d60858480194919f74628f5fb6d0f93d929372aff3db6ae1eb517289dca0fe7688f138b6b2275feb4d1b242506796844c9a111590f9170f,common_voice_ca_27151696.mp3,"En aquest mode, el jugador pot configurar les opcions de joc abans de cada partida.",,,,ca,northwestern,,,male_masculine,projecte-aina/annotated_catalan_common_voice_v17,corpus/files/annotated_train.tsv,northwestern,train,train,audio/ca/train/ca_train_5.tar
18d0b1922b16e0b2b374e3ebaed4e03698e37aacbf28d180d6497553cb8627f7d3e9c07cd4fb5acae224134aa43483d916af22dabc39946ef273ef57d1607514,common_voice_ca_30741030.mp3,Quina és la millor manera d'anar a Olocau amb tren?,twenties,female_feminine,,ca,northwestern,,,female_feminine,projecte-aina/annotated_catalan_common_voice_v17,corpus/files/annotated_train.tsv,northwestern,train,train,audio/ca/train/ca_train_5.tar
18d0b1922b16e0b2b374e3ebaed4e03698e37aacbf28d180d6497553cb8627f7d3e9c07cd4fb5acae224134aa43483d916af22dabc39946ef273ef57d1607514,common_voice_ca_30741181.mp3,Cada dia fa el passeig ritual.,twenties,female_feminine,,ca,northwestern,,,female_feminine,projecte-aina/annotated_catalan_common_voice_v17,corpus/files/annotated_train.tsv,northwestern,train,train,audio/ca/train/ca_train_5.tar
1f44770f99390dcb26861cb66ab9a159612194bdb124c2cfc016854fc5dafc7289e0416c7f9da84d169e2189740fd0604df7131dad801b0631d2596db2f4e8ad,common_voice_ca_31469854.mp3,El tema musical principal és una adaptació de Golliwogg's Cakewalk de Claude Debussy.,fifties,male_masculine,,ca,northwestern,,,male_masculine,projecte-aina/annotated_catalan_common_voice_v17,corpus/files/annotated_train.tsv,northwestern,train,train,audio/ca/train/ca_train_5.tar
1f44770f99390dcb26861cb66ab9a159612194bdb124c2cfc016854fc5dafc7289e0416c7f9da84d169e2189740fd0604df7131dad801b0631d2596db2f4e8ad,common_voice_ca_32096661.mp3,El deu d'agost en Nel i na Dàlia aniran a Alcanar.,fifties,male_masculine,,ca,northwestern,,,male_masculine,projecte-aina/annotated_catalan_common_voice_v17,corpus/files/annotated_train.tsv,northwestern,train,train,audio/ca/train/ca_train_5.tar
1f44770f99390dcb26861cb66ab9a159612194bdb124c2cfc016854fc5dafc7289e0416c7f9da84d169e2189740fd0604df7131dad801b0631d2596db2f4e8ad,common_voice_ca_32096665.mp3,El vint-i-nou de febrer na Lea anirà al cinema.,fifties,male_masculine,,ca,northwestern,,,male_masculine,projecte-aina/annotated_catalan_common_voice_v17,corpus/files/annotated_train.tsv,northwestern,train,train,audio/ca/train/ca_train_5.tar
3b39ea8834e1e7344269a40621f63498bdcbd5524c1fb30637d4352680ca5e9966bc4157f8679b49477abb09f24b232751dbadcc48426259e9a1f2c9aef7dd1b,common_voice_ca_30882285.mp3,Tres gossos passegen per la gespa.,fifties,female_feminine,,ca,northwestern,,,female_feminine,projecte-aina/annotated_catalan_common_voice_v17,corpus/files/annotated_train.tsv,northwestern,train,train,audio/ca/train/ca_train_4.tar
47f8103afd0ce54ca8f1ac40a871c76c6908af6037b4a37c2087db2a1a3b72d1255b721e388eb308f39f6826e7e6a0e658cf318b7fcc16b87a6e99b5018379ee,common_voice_ca_30862481.mp3,La pel·lícula va guanyar cinc guardons Ariel.,,,,ca,northwestern,,,,projecte-aina/annotated_catalan_common_voice_v17,corpus/files/annotated_train.tsv,northwestern,train,train,audio/ca/train/ca_train_0.tar
47f8103afd0ce54ca8f1ac40a871c76c6908af6037b4a37c2087db2a1a3b72d1255b721e388eb308f39f6826e7e6a0e658cf318b7fcc16b87a6e99b5018379ee,common_voice_ca_30862483.mp3,Fa uns anys es va recuperar la Festa Major petita de Vacarisses.,,,,ca,northwestern,,,,projecte-aina/annotated_catalan_common_voice_v17,corpus/files/annotated_train.tsv,northwestern,train,train,audio/ca/train/ca_train_0.tar
47f8103afd0ce54ca8f1ac40a871c76c6908af6037b4a37c2087db2a1a3b72d1255b721e388eb308f39f6826e7e6a0e658cf318b7fcc16b87a6e99b5018379ee,common_voice_ca_30862484.mp3,"El municipi de Mahantongo, al nord de Blue Mountain, ara és el comtat de Schuylkill.",,,,ca,northwestern,,,,projecte-aina/annotated_catalan_common_voice_v17,corpus/files/annotated_train.tsv,northwestern,train,train,audio/ca/train/ca_train_0.tar
4f2c6d3dbbee94bf84b8d220781b05dd1244274c10a1a9cb5aa70a93aea9c2b38cf677a397014bfec8302332720ad77c70d6021b8620f786b0dee621c7cd30ef,common_voice_ca_37561131.mp3,"La veritat a Déu, però no a la justícia.",,,,ca,northwestern,,,,projecte-aina/annotated_catalan_common_voice_v17,corpus/files/annotated_train.tsv,northwestern,train,train,audio/ca/train/ca_train_0.tar
4f2c6d3dbbee94bf84b8d220781b05dd1244274c10a1a9cb5aa70a93aea9c2b38cf677a397014bfec8302332720ad77c70d6021b8620f786b0dee621c7cd30ef,common_voice_ca_37561132.mp3,Pagar i plorar.,,,,ca,northwestern,,,,projecte-aina/annotated_catalan_common_voice_v17,corpus/files/annotated_train.tsv,northwestern,train,train,audio/ca/train/ca_train_0.tar
545efbbd53bb2cb86711ecc7942b4fbcbedd6c117633697d105bc412f14515852690a798cbe4fcf7ea92592022c6f4469adec42be7bff5d10ccef622f4cf96fa,common_voice_ca_31198499.mp3,"Una revista femenina, ""Wish"", es publica cada primer divendres del mes.",,,,ca,northwestern,,,female_feminine,projecte-aina/annotated_catalan_common_voice_v17,corpus/files/annotated_train.tsv,northwestern,train,train,audio/ca/train/ca_train_4.tar
6e703f910b9f97ea8fade3bbfffdeeda9f69fc7c6b03aa318f1bf4379aeb88ec41346659c40ae8fd7ccd07c23d9e33baf060d532545f760a9340f2043eb421c4,common_voice_ca_30801152.mp3,Tercera edició dels Jocs Florals.,fifties,female_feminine,,ca,northwestern,,,female_feminine,projecte-aina/annotated_catalan_common_voice_v17,corpus/files/annotated_train.tsv,northwestern,train,train,audio/ca/train/ca_train_5.tar
6e703f910b9f97ea8fade3bbfffdeeda9f69fc7c6b03aa318f1bf4379aeb88ec41346659c40ae8fd7ccd07c23d9e33baf060d532545f760a9340f2043eb421c4,common_voice_ca_30805580.mp3,Vull anar a Gelida amb tren.,fifties,female_feminine,,ca,northwestern,,,female_feminine,projecte-aina/annotated_catalan_common_voice_v17,corpus/files/annotated_train.tsv,northwestern,train,train,audio/ca/train/ca_train_5.tar
6e90f9320d7b77efaab9beec200f3e3da20b3f9e56678f3e72c076fbccb5f04bccadc959532f77fe2b4deaf86811010170fe6d27d6e61e32a2d2fd6c95f8b2a9,common_voice_ca_31449749.mp3,"Al timbre, corona reial tancada.",thirties,female_feminine,,ca,northwestern,,,female_feminine,projecte-aina/annotated_catalan_common_voice_v17,corpus/files/annotated_train.tsv,northwestern,train,train,audio/ca/train/ca_train_4.tar
76e013b2d1aef7b362ccf89b597cf03a66c82e255576c10f6e4e74014374bf173d4585cb6de1d9b4881063c5e8b432d6adbfe3179951da6fa5c47606daa80cb5,common_voice_ca_31263679.mp3,L'últim dígit de la targeta de crèdit és el que entenem per dígit de control.,,,,ca,northwestern,,,,projecte-aina/annotated_catalan_common_voice_v17,corpus/files/annotated_train.tsv,northwestern,calibration,train,audio/ca/train/ca_train_0.tar
8d07d25fdd3864f591315760544abd47fa198d7c3362ca1b3502e0bf44fba53d9810580a7b65497840aa9976b79aaf908053db6e2a141ffb76faed37d05fcddc,common_voice_ca_31480824.mp3,El cap del districte és Moulins.,,,,ca,northwestern,,,,projecte-aina/annotated_catalan_common_voice_v17,corpus/files/annotated_train.tsv,northwestern,train,train,audio/ca/train/ca_train_0.tar
a04e7e1f34df4688ad55d24d4497a7fc06fcfe349ab4e6bb0cf53800bf65b8f6decae8612427eeaa0b7f8364f2f1bc8e2b77811181a7199492c3dec846965ccd,common_voice_ca_37138200.mp3,No ha estat reconegut per l’estat espanyol ni per la resta d’estats.,,,,ca,northwestern,,,,projecte-aina/annotated_catalan_common_voice_v17,corpus/files/annotated_train.tsv,northwestern,train,train,audio/ca/train/ca_train_0.tar
a53e85e2fb9c01b90bef8b679a325f43a6f16190a5aca8366cbabbce091a51f5da50519cb2246904f9abd5f4a1d20faae2498b72396cb346c087a29d972063cd,common_voice_ca_20167048.mp3,Part dels seus materials provenen de l'antic castell.,thirties,male_masculine,,ca,northwestern,,,male_masculine,projecte-aina/annotated_catalan_common_voice_v17,corpus/files/annotated_train.tsv,northwestern,calibration,train,audio/ca/train/ca_train_4.tar
a6c81f5509fba34fd3c1df2dac79230139fad982fe14d74d257f6656cff889e1652abf52c7fdd58408632ade6ae95a17718f97e6251c039c9e25aa216cfd678f,common_voice_ca_32499914.mp3,"Sí que dóna, això.",fifties,male_masculine,,ca,northwestern,,,male_masculine,projecte-aina/annotated_catalan_common_voice_v17,corpus/files/annotated_train.tsv,northwestern,train,train,audio/ca/train/ca_train_4.tar
afe72933e851316d320024853821b2455e3d553091a12272a36c03833202cc17ac5eb028c3ffd38178969bc39ef83cc58029f58ef846251cd37b84fdc88411cc,common_voice_ca_30922716.mp3,Gary Allenson va ser nomenat gerent dels Fisher Gats.,fourties,female_feminine,,ca,northwestern,,,female_feminine,projecte-aina/annotated_catalan_common_voice_v17,corpus/files/annotated_train.tsv,northwestern,calibration,train,audio/ca/train/ca_train_5.tar
b70cc9a95db0ff57221bb71b0a7ca94bea9814a37be1845d89902d8835a7fe8aa079f5626fec1410ae54be27efa6fc21666e7200819bdcaff9aed74fa2c64660,common_voice_ca_36887329.mp3,Quins serveis de missatgeria volen unificar?,thirties,,,ca,northwestern,,,,projecte-aina/annotated_catalan_common_voice_v17,corpus/files/annotated_train.tsv,northwestern,train,train,audio/ca/train/ca_train_5.tar
bbc9e22c6b7a190491b6e0696b67e4fd82f2dd9c6ae159cd6e02ce79b2c846ee4b44f4503a0673f114c6589b0a0b91053118ffc64cad852e6c98ff25c4ad0f9e,common_voice_ca_32417775.mp3,Dissabte en Martí i na Mariona aniran a Canals.,twenties,female_feminine,,ca,northwestern,,,female_feminine,projecte-aina/annotated_catalan_common_voice_v17,corpus/files/annotated_train.tsv,northwestern,validation,train,audio/ca/train/ca_train_4.tar
bbc9e22c6b7a190491b6e0696b67e4fd82f2dd9c6ae159cd6e02ce79b2c846ee4b44f4503a0673f114c6589b0a0b91053118ffc64cad852e6c98ff25c4ad0f9e,common_voice_ca_32417777.mp3,Dissabte en Cesc i na Sança aniran a Vimbodí i Poblet.,twenties,female_feminine,,ca,northwestern,,,female_feminine,projecte-aina/annotated_catalan_common_voice_v17,corpus/files/annotated_train.tsv,northwestern,validation,train,audio/ca/train/ca_train_4.tar
c5032ad50cb0ea20d77700a85ee047b6aac34f76f8d85325a5a6e233dd2921498b7806fb0c4ebd06553bc2d0a316886dfd0846d233a55dfb3733f8effaa23a24,common_voice_ca_24698014.mp3,A l'habitatge s'hi accedeix per una escalinata.,,,,ca,northwestern,,,female_feminine,projecte-aina/annotated_catalan_common_voice_v17,corpus/files/annotated_train.tsv,northwestern,train,train,audio/ca/train/ca_train_4.tar
c5032ad50cb0ea20d77700a85ee047b6aac34f76f8d85325a5a6e233dd2921498b7806fb0c4ebd06553bc2d0a316886dfd0846d233a55dfb3733f8effaa23a24,common_voice_ca_24698036.mp3,"Quan l'aigua del sòl disponible és insuficient, ocorre la condició d'estrès hídric.",,,,ca,northwestern,,,female_feminine,projecte-aina/annotated_catalan_common_voice_v17,corpus/files/annotated_train.tsv,northwestern,train,train,audio/ca/train/ca_train_4.tar
c5032ad50cb0ea20d77700a85ee047b6aac34f76f8d85325a5a6e233dd2921498b7806fb0c4ebd06553bc2d0a316886dfd0846d233a55dfb3733f8effaa23a24,common_voice_ca_24698086.mp3,Es troba a Indonèsia i les Filipines.,,,,ca,northwestern,,,female_feminine,projecte-aina/annotated_catalan_common_voice_v17,corpus/files/annotated_train.tsv,northwestern,train,train,audio/ca/train/ca_train_4.tar
c5032ad50cb0ea20d77700a85ee047b6aac34f76f8d85325a5a6e233dd2921498b7806fb0c4ebd06553bc2d0a316886dfd0846d233a55dfb3733f8effaa23a24,common_voice_ca_24790708.mp3,Existeixen molts tipus de connectors de Berg.,thirties,female_feminine,,ca,northwestern,,,female_feminine,projecte-aina/annotated_catalan_common_voice_v17,corpus/files/annotated_train.tsv,northwestern,train,train,audio/ca/train/ca_train_4.tar
c5d840145c643099ddd647dd25f21408d08d77e07ef7ec994429f68866062afea99145da6de23cacdcdfd147e69cd9045ecd41b848ae5c7c9c8471002dadf0f3,common_voice_ca_27555973.mp3,"Tot i que es trobava a l'est del centre de Texas, estava més a prop de l'àrea metropolitana de Waco.",twenties,male_masculine,,ca,northwestern,,,male_masculine,projecte-aina/annotated_catalan_common_voice_v17,corpus/files/annotated_train.tsv,northwestern,train,train,audio/ca/train/ca_train_5.tar
c5d840145c643099ddd647dd25f21408d08d77e07ef7ec994429f68866062afea99145da6de23cacdcdfd147e69cd9045ecd41b848ae5c7c9c8471002dadf0f3,common_voice_ca_27556134.mp3,"La caldera era gran i tenia una cambra de combustió integral inusual, alineada amb maons refractaris.",twenties,male_masculine,,ca,northwestern,,,male_masculine,projecte-aina/annotated_catalan_common_voice_v17,corpus/files/annotated_train.tsv,northwestern,train,train,audio/ca/train/ca_train_5.tar
ccbd8c757bec55cfbd87434f69f42b7e7b6a0ebe345a41014b525caee5f1628ace60b07aef19800af0667cfc9d1a63c248eed9a8f0bab8b0f7775edc29075f44,common_voice_ca_23961254.mp3,Els dobles enllaços són reactius.,thirties,male_masculine,,ca,northwestern,,,male_masculine,projecte-aina/annotated_catalan_common_voice_v17,corpus/files/annotated_train.tsv,northwestern,calibration,train,audio/ca/train/ca_train_5.tar
ce787c1640609670d3921965064e3fd048fa321576cc25c70389bad558ae6f16549549fedd9a110211a1264e5f75bb75102b4b276d58ed7703a7a0d5b8a50f36,common_voice_ca_31126374.mp3,"El seu cognom és Espiñeira: e, essa, pe, i, enya, e, i, erra, a.",fifties,female_feminine,,ca,northwestern,,,female_feminine,projecte-aina/annotated_catalan_common_voice_v17,corpus/files/annotated_train.tsv,northwestern,train,train,audio/ca/train/ca_train_5.tar
ce787c1640609670d3921965064e3fd048fa321576cc25c70389bad558ae6f16549549fedd9a110211a1264e5f75bb75102b4b276d58ed7703a7a0d5b8a50f36,common_voice_ca_31165675.mp3,El Vecht també desemboca a l'aigua Zwarte.,fifties,female_feminine,,ca,northwestern,,,female_feminine,projecte-aina/annotated_catalan_common_voice_v17,corpus/files/annotated_train.tsv,northwestern,train,train,audio/ca/train/ca_train_5.tar
ce787c1640609670d3921965064e3fd048fa321576cc25c70389bad558ae6f16549549fedd9a110211a1264e5f75bb75102b4b276d58ed7703a7a0d5b8a50f36,common_voice_ca_31165679.mp3,El lector havia d'endevinar la solució mirant amb cura els dibuixos molt plens de detalls.,fifties,female_feminine,,ca,northwestern,,,female_feminine,projecte-aina/annotated_catalan_common_voice_v17,corpus/files/annotated_train.tsv,northwestern,train,train,audio/ca/train/ca_train_5.tar
d86b46e371f039bd8fa8d2b90a3bf3e968a491ab2acc5d0393798d0697da6c0c1c3e20275b98d11035fd3690992b4ce40180c0d2f5d58c7e17006e093316932b,common_voice_ca_30997392.mp3,No he anat mai a Mancor de la Vall.,fifties,male_masculine,,ca,northwestern,,,male_masculine,projecte-aina/annotated_catalan_common_voice_v17,corpus/files/annotated_train.tsv,northwestern,train,train,audio/ca/train/ca_train_5.tar
db603e8db7ed7defdfb3ce0694d603d46d976d7b08d0023106ca56e952633cb6e3042432db28f6fb8c49305f4099480eb50f321fd1f837f4cec5b9490e3ff53b,common_voice_ca_31239207.mp3,Aquests compostos són importants en la síntesi de compostos heterocíclics.,,,,ca,northwestern,,,,projecte-aina/annotated_catalan_common_voice_v17,corpus/files/annotated_train.tsv,northwestern,calibration,train,audio/ca/train/ca_train_0.tar
e349bcd56c513c6871b8fc789114c1d88a37bfac546fccf9683ea18d883c2db3a0464be9d0a313575bbfb94b90071dfd52b86b34a31198e37feea7b46932ccf4,common_voice_ca_17460948.mp3,"Les factures hauran d'haver-se emés al titular, i que figure en aquestes el seu corresponent NIF.",sixties,male_masculine,,ca,northwestern,,,male_masculine,projecte-aina/annotated_catalan_common_voice_v17,corpus/files/annotated_train.tsv,northwestern,train,train,audio/ca/train/ca_train_4.tar
fe6c566aaa868e92ffbeb75f0388b299f0c3befd739519b578cfd26c10ec11bd299d751c15b1c87771262c8392f48787444096ad8703cb4bfb22cefb4fa289fd,common_voice_ca_30849314.mp3,L'altre dia vaig estar a Llombai.,,,,ca,northwestern,,,,projecte-aina/annotated_catalan_common_voice_v17,corpus/files/annotated_train.tsv,northwestern,train,train,audio/ca/train/ca_train_0.tar
08c027c2840687edff420af25b9d93e1c0e01f8fc88a7651477fabe7701e3211a9ed0e511883dbb31756a6f499f4952e0ea7385c31780af6706648f8e25796ad,common_voice_ca_30607075.mp3,El projecte es va arxivar després de provar-se que era biològicament inert en els ratolins.,twenties,male_masculine,,ca,valencian,,,male_masculine,projecte-aina/annotated_catalan_common_voice_v17,corpus/files/annotated_train.tsv,valencian,calibration,train,audio/ca/train/ca_train_5.tar
2db89597fc15b1e22a2569ce2a70bdf10d949e771ab12cfbcedfcbcb33df8af9b88c3dabc3667f6e8399a10a90bf76bf34a5ae683c71ffa1b747431eb75c52db,common_voice_ca_35118575.mp3,Normalment les famílies havien d'esperar un parell d'anys per comprar un cotxe.,sixties,male_masculine,,ca,valencian,,,male_masculine,projecte-aina/annotated_catalan_common_voice_v17,corpus/files/annotated_train.tsv,valencian,train,train,audio/ca/train/ca_train_4.tar
38f5cbd4c7571b6b37502930e7597e9ae4891da1111031ddd7156a4f9110c661ceb832720585a50c6d75850d580ab6f6f1a69dd6b47a0c9324a30c67dde27bc5,common_voice_ca_37482443.mp3,Celebració de les campanades de Cap d'Any.,,,,ca,valencian,,,,projecte-aina/annotated_catalan_common_voice_v17,corpus/files/annotated_train.tsv,valencian,train,train,audio/ca/train/ca_train_0.tar
38f5cbd4c7571b6b37502930e7597e9ae4891da1111031ddd7156a4f9110c661ceb832720585a50c6d75850d580ab6f6f1a69dd6b47a0c9324a30c67dde27bc5,common_voice_ca_37482446.mp3,Demanar el cap.,,,,ca,valencian,,,,projecte-aina/annotated_catalan_common_voice_v17,corpus/files/annotated_train.tsv,valencian,train,train,audio/ca/train/ca_train_0.tar
45a3bfd13bbf8f8a5ade5c03eeb0444343a0b15cae4c6bef5e6429be285cbcaedd3af3589a009d53396be8203e5a06b10729ecb3ceb6bdf4eb1363f58b2d91d2,common_voice_ca_37565503.mp3,Remenar les cireres.,,,,ca,valencian,,,,projecte-aina/annotated_catalan_common_voice_v17,corpus/files/annotated_train.tsv,valencian,validation,train,audio/ca/train/ca_train_0.tar
49a39b391421739961f6698161165015ab6fce697316300e872bbecf2bc0cf34f1c62ca9d5fc701d81456d7204378c071b8621d32f174fc67dc42827e8008321,common_voice_ca_27549396.mp3,Està situat en l'encreuament entre Byberry Road i Penn Street.,fifties,male_masculine,,ca,valencian,,,male_masculine,projecte-aina/annotated_catalan_common_voice_v17,corpus/files/annotated_train.tsv,valencian,train,train,audio/ca/train/ca_train_4.tar
49b8ea643ca99c59ae10b6b2aae16e254e997d12c537aa02e6b62d55f9a98093cd0cd3c668fb7f34039c1a6fba472c92fa05556eedb12cbaa852108e6bc05899,common_voice_ca_30494756.mp3,Com ho faig per anar al passeig de la Font d'en Fargues número noranta-vuit?,fifties,male_masculine,,ca,valencian,,,male_masculine,projecte-aina/annotated_catalan_common_voice_v17,corpus/files/annotated_train.tsv,valencian,train,train,audio/ca/train/ca_train_4.tar
556d7eb46af7895aff391f0a48bcbc8b6e06bb9383c4b189a1ab5e44f142a6c2ec04ca5a183608f8b2780ac88a515f3286d5781f6a0402f42075298505b1e2e5,common_voice_ca_31091564.mp3,Com puc anar a la plaça del General Moragues número vuitanta-dos?,,,,ca,valencian,,,,projecte-aina/annotated_catalan_common_voice_v17,corpus/files/annotated_train.tsv,valencian,train,train,audio/ca/train/ca_train_5.tar
565f03cca6b2bb3c02843c581c78e85b723acc1ebaa2152d2076f4b58cefd832f57137320c5c5f3941739271c6384e9cae65fba563a365530acaa606d3205e66,common_voice_ca_17518977.mp3,Persones físiques i jurídiques que tinguin una relació laboral retribuïda mitjançant pagaments periòdics.,thirties,female_feminine,,ca,valencian,,,female_feminine,projecte-aina/annotated_catalan_common_voice_v17,corpus/files/annotated_train.tsv,valencian,calibration,train,audio/ca/train/ca_train_5.tar
565f03cca6b2bb3c02843c581c78e85b723acc1ebaa2152d2076f4b58cefd832f57137320c5c5f3941739271c6384e9cae65fba563a365530acaa606d3205e66,common_voice_ca_29388138.mp3,Els patògens d'aquestes dues malalties pertanyen al mateix gènere.,fourties,female_feminine,,ca,valencian,,,female_feminine,projecte-aina/annotated_catalan_common_voice_v17,corpus/files/annotated_train.tsv,valencian,calibration,train,audio/ca/train/ca_train_5.tar
565f03cca6b2bb3c02843c581c78e85b723acc1ebaa2152d2076f4b58cefd832f57137320c5c5f3941739271c6384e9cae65fba563a365530acaa606d3205e66,common_voice_ca_29388448.mp3,Com consideraven que era la llegenda de les quatre barres els historiadors?,fourties,female_feminine,,ca,valencian,,,female_feminine,projecte-aina/annotated_catalan_common_voice_v17,corpus/files/annotated_train.tsv,valencian,calibration,train,audio/ca/train/ca_train_5.tar
56e4f1dc91f8196b8b85fa56b9cb6dcf0054f2f177102699143c6ef2cea2ddf34a422487c0b54bf1a649c18bb1dcfff5e153569a160846894131ce391b9ae776,common_voice_ca_31874068.mp3,Demà passat na Joana i en Gaël aniran a Bellaguarda.,fourties,male_masculine,,ca,valencian,,,male_masculine,projecte-aina/annotated_catalan_common_voice_v17,corpus/files/annotated_train.tsv,valencian,train,train,audio/ca/train/ca_train_5.tar
58fbbd6f783c9a459ac90a5859b7aeb0519adc1f378752ea4f084b129446a19ec7f454e560eb4c10dce227a0ccd4e18256378b45cf0c9f0e6dc0c8ea8f10acf3,common_voice_ca_23382426.mp3,L'escala de la longitud d'una geometria plana pogués o no ser directament detectada.,twenties,male_masculine,,ca,valencian,,,male_masculine,projecte-aina/annotated_catalan_common_voice_v17,corpus/files/annotated_train.tsv,valencian,train,train,audio/ca/train/ca_train_4.tar
58fbbd6f783c9a459ac90a5859b7aeb0519adc1f378752ea4f084b129446a19ec7f454e560eb4c10dce227a0ccd4e18256378b45cf0c9f0e6dc0c8ea8f10acf3,common_voice_ca_23382437.mp3,Melodia i ritme convergeixen aquí.,twenties,male_masculine,,ca,valencian,,,male_masculine,projecte-aina/annotated_catalan_common_voice_v17,corpus/files/annotated_train.tsv,valencian,train,train,audio/ca/train/ca_train_4.tar
58fbbd6f783c9a459ac90a5859b7aeb0519adc1f378752ea4f084b129446a19ec7f454e560eb4c10dce227a0ccd4e18256378b45cf0c9f0e6dc0c8ea8f10acf3,common_voice_ca_23382450.mp3,L'edifici té planta baixa i dos pisos i està cobert per un terrat.,twenties,male_masculine,,ca,valencian,,,male_masculine,projecte-aina/annotated_catalan_common_voice_v17,corpus/files/annotated_train.tsv,valencian,train,train,audio/ca/train/ca_train_4.tar
6389e78135c64c14efff215cd424090190ed6a0c05b5c3ef000c4a7d36c6e184b61f3a383115b1df9723a43971a4d75ccd98921a1a9a10367f85aff41943caed,common_voice_ca_37551782.mp3,Cap de xiulet.,,,,ca,valencian,,,,projecte-aina/annotated_catalan_common_voice_v17,corpus/files/annotated_train.tsv,valencian,train,train,audio/ca/train/ca_train_0.tar
6389e78135c64c14efff215cd424090190ed6a0c05b5c3ef000c4a7d36c6e184b61f3a383115b1df9723a43971a4d75ccd98921a1a9a10367f85aff41943caed,common_voice_ca_37551784.mp3,"A casa del saboner, qui no cau, rellisca.",,,,ca,valencian,,,,projecte-aina/annotated_catalan_common_voice_v17,corpus/files/annotated_train.tsv,valencian,train,train,audio/ca/train/ca_train_0.tar
63b5f483250d5d648f92d9f9ef07be2652f7c604b8216122701e0371603225d885014f251405a5c4671ef3c822ea0230475d600041667054b64adf2be0e7a58c,common_voice_ca_37577070.mp3,"Qui llarga vida viu, molt mal ha de passar.",,,,ca,valencian,,,,projecte-aina/annotated_catalan_common_voice_v17,corpus/files/annotated_train.tsv,valencian,train,train,audio/ca/train/ca_train_0.tar
6d074637b0f35732f59856ff6e68bbd5fa16269274ddd0d5b7672a7f2a7bd052459d420d2dee3084c67fee51bc31e0ddb4cc772d1f54b49e809fb55f057a936a,common_voice_ca_30766693.mp3,També va ser l'últim cotxe de pista de terra en guanyar a Indy.,,,,ca,valencian,,,,projecte-aina/annotated_catalan_common_voice_v17,corpus/files/annotated_train.tsv,valencian,train,train,audio/ca/train/ca_train_0.tar
6d074637b0f35732f59856ff6e68bbd5fa16269274ddd0d5b7672a7f2a7bd052459d420d2dee3084c67fee51bc31e0ddb4cc772d1f54b49e809fb55f057a936a,common_voice_ca_30766694.mp3,"Hinds va néixer a Belfast, Irlanda del Nord.",,,,ca,valencian,,,,projecte-aina/annotated_catalan_common_voice_v17,corpus/files/annotated_train.tsv,valencian,train,train,audio/ca/train/ca_train_0.tar
795eb37edf4ce21541e1ba384c3becfdb1ad206a14b8e7c45c21c63b87b25668054b6033b45c0294cb6eb222f65a2051eeed5bc0921d449d22a5f36d02ab8a91,common_voice_ca_30807228.mp3,Què se n'ha fet d'aquell xec?,fourties,male_masculine,,ca,valencian,,,male_masculine,projecte-aina/annotated_catalan_common_voice_v17,corpus/files/annotated_train.tsv,valencian,train,train,audio/ca/train/ca_train_4.tar
795eb37edf4ce21541e1ba384c3becfdb1ad206a14b8e7c45c21c63b87b25668054b6033b45c0294cb6eb222f65a2051eeed5bc0921d449d22a5f36d02ab8a91,common_voice_ca_30807736.mp3,"Seth va començar a escriure poesia a la seva adolescència, hi va perdre l'interès després d'un temps.",fourties,male_masculine,,ca,valencian,,,male_masculine,projecte-aina/annotated_catalan_common_voice_v17,corpus/files/annotated_train.tsv,valencian,train,train,audio/ca/train/ca_train_4.tar
7f335fa37cf2bf6facd5082feb42dbf7055206837072c6063330418842c0b86a9963033d0b75b594a95d1b3baa6ab28443caa02645b1236d0a8b807331a0f352,common_voice_ca_37590145.mp3,"Salut i alegria, bellesa cria.",,,,ca,valencian,,,,projecte-aina/annotated_catalan_common_voice_v17,corpus/files/annotated_train.tsv,valencian,train,train,audio/ca/train/ca_train_0.tar
7f335fa37cf2bf6facd5082feb42dbf7055206837072c6063330418842c0b86a9963033d0b75b594a95d1b3baa6ab28443caa02645b1236d0a8b807331a0f352,common_voice_ca_37590892.mp3,Embrutar de greix.,,,,ca,valencian,,,,projecte-aina/annotated_catalan_common_voice_v17,corpus/files/annotated_train.tsv,valencian,train,train,audio/ca/train/ca_train_0.tar
7f335fa37cf2bf6facd5082feb42dbf7055206837072c6063330418842c0b86a9963033d0b75b594a95d1b3baa6ab28443caa02645b1236d0a8b807331a0f352,common_voice_ca_37590893.mp3,Semblar de cal Turull.,,,,ca,valencian,,,,projecte-aina/annotated_catalan_common_voice_v17,corpus/files/annotated_train.tsv,valencian,train,train,audio/ca/train/ca_train_0.tar
84776420d2c0e9f12b6f1e73324c94b22c38150a8642e695af82c1e9dbc0ec6de9f0446b0cc330bb166272ed046020a3d58fa792def45b668b33d74812259735,common_voice_ca_22780182.mp3,Està formant estructuralment per tres crugies.,thirties,male_masculine,,ca,valencian,,,male_masculine,projecte-aina/annotated_catalan_common_voice_v17,corpus/files/annotated_train.tsv,valencian,train,train,audio/ca/train/ca_train_5.tar
84776420d2c0e9f12b6f1e73324c94b22c38150a8642e695af82c1e9dbc0ec6de9f0446b0cc330bb166272ed046020a3d58fa792def45b668b33d74812259735,common_voice_ca_30998816.mp3,La principal contribució de Serlio va ser el seu tractat pràctic sobre arquitectura.,thirties,male_masculine,,ca,valencian,,,male_masculine,projecte-aina/annotated_catalan_common_voice_v17,corpus/files/annotated_train.tsv,valencian,train,train,audio/ca/train/ca_train_5.tar
961009951f5b3ced4085f9178286b82a4796f2d02a4e3cb1032b4018132e09531aff391ab002d37e6bf4ae7724fc8828fef972ca932fed3542c97b05e2eb3792,common_voice_ca_31223737.mp3,Es tracta d'una sèrie de minerals que contenen tàntal.,fifties,male_masculine,,ca,valencian,,,male_masculine,projecte-aina/annotated_catalan_common_voice_v17,corpus/files/annotated_train.tsv,valencian,validation,train,audio/ca/train/ca_train_4.tar
961009951f5b3ced4085f9178286b82a4796f2d02a4e3cb1032b4018132e09531aff391ab002d37e6bf4ae7724fc8828fef972ca932fed3542c97b05e2eb3792,common_voice_ca_31223739.mp3,Això va fer que el seu ús no s'estengués.,fifties,male_masculine,,ca,valencian,,,male_masculine,projecte-aina/annotated_catalan_common_voice_v17,corpus/files/annotated_train.tsv,valencian,validation,train,audio/ca/train/ca_train_4.tar
99c2996aed58c3abac77663a3a91503ede747113ba26b034f6caf24715f8d5f6591193023e369af11d77077ce615b1de643403093cf8c4d8dcb7e7c07dfd3ed8,common_voice_ca_17397640.mp3,"Ho sent molt, senyoreta; de veritat de la bona.",twenties,male_masculine,,ca,valencian,,,male_masculine,projecte-aina/annotated_catalan_common_voice_v17,corpus/files/annotated_train.tsv,valencian,train,train,audio/ca/train/ca_train_4.tar
9ebcaf4652b2654aa7016bb5811f1ca9e650a2f57058d6f63901bc1f5899e4c40964c77c15391cb193c7961296a1e617242db4ddba8c86380a0415d3a396f4bc,common_voice_ca_37607422.mp3,Ser o no ser del cas.,,,,ca,valencian,,,,projecte-aina/annotated_catalan_common_voice_v17,corpus/files/annotated_train.tsv,valencian,train,train,audio/ca/train/ca_train_0.tar
a6ad74ea6260e8219c45e05c77e755fd37612c2f9de1ab7104fb87a28bf8044e432a88448ef0485800886a333e08ae07b5df37522cdc248ae34b4e77ff386d26,common_voice_ca_30495759.mp3,Les circumstàncies del moment van propiciar la creació del Consolat de Mar.,,,,ca,valencian,,,,projecte-aina/annotated_catalan_common_voice_v17,corpus/files/annotated_train.tsv,valencian,train,train,audio/ca/train/ca_train_0.tar
ab7fcc1e13cf34c888d23b03ecc20fd11c7b8c597e7665c685bae05f8856516c27bcdae3c166cd41e4745b2fd14323128cc1c4e606031842961cae7edb14e611,common_voice_ca_37643670.mp3,"A la vestal del Roser demaneu favor i ajuda, que coses heu de saber.",,,,ca,valencian,,,,projecte-aina/annotated_catalan_common_voice_v17,corpus/files/annotated_train.tsv,valencian,train,train,audio/ca/train/ca_train_0.tar
af08b44f49148a830301efa7105b1e2a7475ad94665dbb2b12c8ed05d1b888998bcfecb5d0508312c08f0489092800a301ab03293ddc38688565aea9ebf1b541,common_voice_ca_31380948.mp3,"Durant aquesta època, va rebre ofertes d'importants catedrals espanyoles, però les va rebutjar totes.",thirties,male_masculine,,ca,valencian,,,male_masculine,projecte-aina/annotated_catalan_common_voice_v17,corpus/files/annotated_train.tsv,valencian,train,train,audio/ca/train/ca_train_5.tar
af08b44f49148a830301efa7105b1e2a7475ad94665dbb2b12c8ed05d1b888998bcfecb5d0508312c08f0489092800a301ab03293ddc38688565aea9ebf1b541,common_voice_ca_31380975.mp3,Aquests es mencionen a la taula següent.,thirties,male_masculine,,ca,valencian,,,male_masculine,projecte-aina/annotated_catalan_common_voice_v17,corpus/files/annotated_train.tsv,valencian,train,train,audio/ca/train/ca_train_5.tar
af08b44f49148a830301efa7105b1e2a7475ad94665dbb2b12c8ed05d1b888998bcfecb5d0508312c08f0489092800a301ab03293ddc38688565aea9ebf1b541,common_voice_ca_31380988.mp3,Què hi ha al carrer Provença cantonada Trens de La Maquinista?,thirties,male_masculine,,ca,valencian,,,male_masculine,projecte-aina/annotated_catalan_common_voice_v17,corpus/files/annotated_train.tsv,valencian,train,train,audio/ca/train/ca_train_5.tar
af08b44f49148a830301efa7105b1e2a7475ad94665dbb2b12c8ed05d1b888998bcfecb5d0508312c08f0489092800a301ab03293ddc38688565aea9ebf1b541,common_voice_ca_31380995.mp3,Què ens trobem a la Baixa Cerdanya?,thirties,male_masculine,,ca,valencian,,,male_masculine,projecte-aina/annotated_catalan_common_voice_v17,corpus/files/annotated_train.tsv,valencian,train,train,audio/ca/train/ca_train_5.tar
ca4f36c6da1079f48fa29ba34af568a122410ff6ec072c88089450792e91fdfa082487fcedca663069120695d64e941cda6150b817cc76f035da7316ef1ae453,common_voice_ca_31671004.mp3,També va tenir un aterratge corrent en una victòria contra els sants aquell any.,sixties,male_masculine,,ca,valencian,,,male_masculine,projecte-aina/annotated_catalan_common_voice_v17,corpus/files/annotated_train.tsv,valencian,train,train,audio/ca/train/ca_train_4.tar
ca4f36c6da1079f48fa29ba34af568a122410ff6ec072c88089450792e91fdfa082487fcedca663069120695d64e941cda6150b817cc76f035da7316ef1ae453,common_voice_ca_31891668.mp3,Dimarts en Quer i en Cai aniran a Sils.,sixties,male_masculine,,ca,valencian,,,male_masculine,projecte-aina/annotated_catalan_common_voice_v17,corpus/files/annotated_train.tsv,valencian,train,train,audio/ca/train/ca_train_4.tar
d45f9409c444f2ec5eb7a7ade6108a9e0fa162a500aab1b603d71fa90eb9c7b4da28702ffdd8b608bdf74c75b8f064b2df2aa49e1db2fb3afa04224283bd65c0,common_voice_ca_37545430.mp3,"L'entrada serà lliure, però l'aforament és limitat i caldrà confirmació d'assistència.",,,,ca,valencian,,,,projecte-aina/annotated_catalan_common_voice_v17,corpus/files/annotated_train.tsv,valencian,train,train,audio/ca/train/ca_train_0.tar
